Project;ncommits;nauthors;from;to;nstars;nforks;lastGHCommitDate;LongestGapStart;LongestGapEnd;LongestGapLength;NumCommitsAfterLastGap;NumberOfGapsInTimeline;ActivityPattern;Currentstatus;BeforeThemes;AfterThemes;HypothesizedGapReason;HasRecovered;WhyRecovered;WhoRecovered;RecentThemes;Notes
covid19datahub_covid19dev;8683;35;2020-03-24;2025-11-05;252;92;2025-06-30;2022-11;2023-01;3;3378.0;1;declining;Active;Automated bot contributions:Documentation updates;Automated bot contributions:Bug fixes;"Before the gap, all 10 commits were automated ""Built site"" builds with no human development; the first post-gap commits are ""Fix workflow"" and ""Update pkgdown.yaml"", suggesting the site-build CI broke and nothing was committed until it was repaired.";Yes;"Maintainer fixed the CI workflow and resumed data fixes (""Fix CHE"", ""Fix BEL""); automated site builds then continued (3,378 commits after the gap).";Same maintainer (1 returning author, 0 new);Automated bot contributions:Documentation updates;Declining project that moved into automated maintenance mode after the pandemic peak. Its single 3-month gap (2022-11 to 2023-01) likely came from a broken site-build workflow, since the first post-gap commits fix the workflow and pkgdown config. The same maintainer recovered it, and automated builds resumed.
echonet_dynamic;178;9;2019-09-25;2025-03-15;164;48;2026-05-01;2023-01;2024-12;24;15.0;4;irregular;Active;Dependency updates:Automated bot contributions;Dependency updates:Automated bot contributions;"Research code no longer actively developed after publication; pre-gap commits are almost entirely Dependabot version bumps plus ""hacked together code for personal use"", showing no ongoing human development.";No;Post-gap activity is Dependabot bumps (tqdm, torch, pillow, scikit-learn) and a LICENSE file, which is automated upkeep, not renewed development (only 15 commits after the 24-month gap).;"Original lead David Ouyang and Ashwin Nayak merged Dependabot PRs; no new development (1 returning, 2 new identities)";Automated bot contributions:Other;"Irregular research codebase with 4 gaps of 3+ months; the longest lasted 24 months (2023-01 to 2024-12). Commits on both sides of the gap are mostly Dependabot bumps, so the project never truly recovered. Development effectively ended after publication."
opengeospatial_ogc-geosparql;4049;44;2020-10-09;2025-10-23;105;21;2026-09-21;2023-01;2023-02;2;2353.0;0;cyclical;Active;Automated bot contributions:Documentation updates;Documentation updates:Automated bot contributions;"Short 2-month pause after finishing a review cycle of the standard; pre-gap commits fix the revision history table and add ""history for full review"", suggesting a draft was submitted for review.";Yes;"Editorial work resumed after review (""Editorial Updates"", ""Elaborate on length function"", sample datasets added to homepage), with gh-pages deploys continuing.";Same contributors (2 returning, 0 new);Automated bot contributions:Documentation updates;"Cyclical standards project with 0 gaps of 3+ months; its longest pause was 2 months (2023-01 to 2023-02). Pre-pause commits prepare a draft for full review, and the same contributors resumed editorial work afterward. The project is consistently active and release-driven."
egri-nagy_sgpdec;2955;19;2012-04-19;2025-11-04;22;3;2026-06-30;2018-01;2019-01;13;427.0;11;irregular;Active;Documentation updates:Feature development;Feature development:Bug fixes;Pre-gap commits are README, install info and bibliography updates (correcting the LNCS article title), suggesting the project was wrapped up after publication and the maintainer paused for 13 months.;Yes;"Recovery began with a license PR from the gap-packages organization (#9) followed by new functionality (""Dot Semigroup Action ... much need functionality""), tied to integrating sgpdec into the GAP package ecosystem.";Mix: 2 returning authors plus Max Horn (GAP packages maintainer) and co-author Chrystopher Nehaniv;Documentation updates:Other;"Irregular, long-lived academic project with 11 gaps of 3+ months; the longest lasted 13 months (2018-01 to 2019-01). It paused after documentation and publication wrap-up. It recovered through integration into the GAP packages ecosystem, with new contributors Max Horn and Chrystopher Nehaniv."
eendebakpt_oapackage;2072;17;2015-01-29;2025-01-26;39;10;2026-02-04;2020-01;2020-07;7;338.0;5;cyclical;Active;Bug fixes:Release;Bug fixes:Other;"Natural post-release pause: the last pre-gap commits merge ""New release 2.6.6"" after build fixes; the 7-month gap (2020-01 to 2020-07) followed the release.";Yes;Maintainer returned for code cleanup and compiler and style fixes (clang, swig, codacy), leading to later releases (2.7.14, 2.7.15).;Same maintainer eendebakpt (1 returning, 0 new);Release:Bug fixes;"Cyclical, release-driven project with 5 gaps of 3+ months; the longest lasted 7 months (2020-01 to 2020-07), right after release 2.6.6. The same maintainer returned with cleanup and compiler fixes. The pattern reflects normal post-release pauses."
wojdyr_fityk;1840;21;2003-06-17;2025-01-30;306;61;2026-03-02;2019-08;2020-04;9;111.0;14;cyclical;Active;Automated bot contributions:Feature development;Feature development:Dependency updates;Pre-gap activity was small (a log-scale button, spelling fixes, session saving) with several unmerged PR merge refs, consistent with a single maintainer having limited time.;Yes;An external contributor PR improved Shirley background subtraction for XPS analysis, and the maintainer updated build compatibility (Lua 5.4 for Fedora Rawhide, wxGTK3, Sphinx).;Original maintainer plus new external contributor Marc Hahn (BAM), who appears under 3 identities;Automated bot contributions:Documentation updates;"Mature, cyclical project with 14 gaps of 3+ months, the most of any project; the longest lasted 9 months (2019-08 to 2020-04). The cause was hard to pin down from commits, but it fits a single maintainer with limited time. It recovered through an external contributor's XPS feature and maintainer build-compatibility updates."
smearle_gym-city;459;12;2018-08-21;2025-05-06;161;24;2025-04-04;2021-11;2025-03;41;11.0;2;declining;Active;Feature development:Dependency updates;Other:Documentation updates;Research project ended: pre-gap commits are experiment tweaks (micro-rct metrics, HPC log_dir, Game of Life visualization), then 41 months of no commits, the longest gap of any project.;Partially;"Post-gap commits work on getting the old code running again via a Dockerfile (""Dockerfile works reliably, with rendering"") and a merge into a ""Wei"" branch, suggesting a revival attempt; only 11 commits followed.";Original author plus new contributors WeiShi (NYU) and Awesome-Aasim;Other:Documentation updates;Declining research project with the longest gap of any project, 41 months (2021-11 to 2025-03), and 2 gaps of 3+ months overall. It went inactive when the research ended. The partial recovery was mostly Dockerfile work to revive the code, with new contributors WeiShi and Awesome-Aasim.
acclab_dabestr;736;28;2018-09-21;2025-09-15;230;38;2026-07-29;2022-01;2023-06;18;327.0;4;U-shaped;Active;Feature development:Documentation updates;Feature development:Documentation updates;After adding the mini-meta function, docs/vignettes and a version bump, development stalled for 18 months, likely because effort shifted to the Python version of DABEST.;Yes;"A full ""dabestr rebuild"" porting ""main functionalities from python ver"" (PR #142), followed by new features and CRAN release work.";"Entirely new contributors: sunroofgod/Lian Kah Seng (one person) and Sangyu Xu; 0 returning authors";Feature development:Release;U-shaped project with an 18-month gap (2022-01 to 2023-06) and 4 gaps of 3+ months. It stalled after a release while effort likely moved to the Python version. It was revived by a full rebuild from entirely new contributors (0 returning authors).
aol_moloch;12825;292;2012-07-06;2025-11-03;7509;1168;2026-09-28;;;0;;0;rising;Active;N/A;N/A;N/A active Project;N/A;N/A;N/A;Feature development:Automated bot contributions;Rising, continuously active project with 0 months of inactivity and therefore no gaps. It is by far the largest project (12,825 commits, 292 authors). Recent commits show ongoing feature development and Copilot-assisted contributions.
ncoudray_deeppath;552;24;2017-05-23;2024-11-25;537;214;2024-09-24;2021-01;2021-03;3;153.0;2;U-shaped;Inactive;Feature development:Automated bot contributions;Dependency updates:Documentation updates;Short 3-month pause after a burst of research features (Vahadane normalization, melanoma, QuPath support), consistent with the author shifting focus after a research milestone.;Partially;"Author returned for performance work and README updates (""speed up HeatMap"", ""code optimization""), but most post-gap commits are Dependabot security bumps (tensorflow-gpu, django, pillow, urllib3).";Original author Coudray (same person, different cluster hosts) plus dependabot[bot];Automated bot contributions:Dependency updates;"U-shaped research project with 2 gaps of 3+ months; the longest lasted 3 months (2021-01 to 2021-03), after a burst of research features. The recovery was partial, mostly Dependabot security bumps plus brief performance work from the original author. The project is currently inactive (last commit 2024-09-24)."
